{
  "arquivos_treino": {
    "chb01_01.edf": {
      "janelas_total": 30,
      "normal": 30,
      "crise": 0
    },
    "chb01_03.edf": {
      "janelas_total": 51,
      "normal": 30,
      "crise": 21
    },
    "chb01_04.edf": {
      "janelas_total": 45,
      "normal": 30,
      "crise": 15
    },
    "chb01_15.edf": {
      "janelas_total": 51,
      "normal": 30,
      "crise": 21
    },
    "chb02_16.edf": {
      "janelas_total": 60,
      "normal": 30,
      "crise": 30
    },
    "chb03_01.edf": {
      "janelas_total": 57,
      "normal": 30,
      "crise": 27
    },
    "chb03_05.edf": {
      "janelas_total": 30,
      "normal": 30,
      "crise": 0
    },
    "chb04_01.edf": {
      "janelas_total": 30,
      "normal": 30,
      "crise": 0
    },
    "chb05_01.edf": {
      "janelas_total": 30,
      "normal": 30,
      "crise": 0
    },
    "chb05_06.edf": {
      "janelas_total": 60,
      "normal": 30,
      "crise": 30
    },
    "chb06_01.edf": {
      "janelas_total": 56,
      "normal": 30,
      "crise": 26
    },
    "chb14_01.edf": {
      "janelas_total": 30,
      "normal": 30,
      "crise": 0
    },
    "chb14_03.edf": {
      "janelas_total": 38,
      "normal": 30,
      "crise": 8
    },
    "chb15_01.edf": {
      "janelas_total": 30,
      "normal": 30,
      "crise": 0
    },
    "chb15_06.edf": {
      "janelas_total": 60,
      "normal": 30,
      "crise": 30
    }
  },
  "dataset_treino": {
    "n_samples": 658,
    "class_counts": {
      "0": 450,
      "1": 208
    }
  },
  "kfold": {
    "n_samples": 658,
    "n_features": 19,
    "n_splits": 3,
    "epochs": 4,
    "batch_size": 8,
    "class_counts": {
      "0": 450,
      "1": 208
    },
    "folds": [
      {
        "accuracy": 0.7727272727272727,
        "precision": 0.6351351351351351,
        "recall": 0.6714285714285714,
        "f1": 0.6527777777777778
      },
      {
        "accuracy": 0.7625570776255708,
        "precision": 0.7931034482758621,
        "recall": 0.3333333333333333,
        "f1": 0.46938775510204084
      },
      {
        "accuracy": 0.6621004566210046,
        "precision": 0.4752475247524752,
        "recall": 0.6956521739130435,
        "f1": 0.5647058823529412
      }
    ],
    "mean": {
      "accuracy": 0.7324616023246161,
      "precision": 0.6344953693878241,
      "recall": 0.5668046928916494,
      "f1": 0.5622904717442533
    }
  },
  "artefatos": {
    "model_path": "C:\\Users\\Foco\\Documents\\DEV\\eeg-xai\\modelos\\cnn_lstm_hybrid_chb15_experimental.keras",
    "scaler_path": "C:\\Users\\Foco\\Documents\\DEV\\eeg-xai\\modelos\\cnn_lstm_hybrid_chb15_experimental_scaler.pkl"
  },
  "holdout_chb11": {
    "n_samples": 72,
    "class_counts": {
      "0": 60,
      "1": 12
    },
    "accuracy": 0.6111111111111112,
    "precision": 0.13636363636363635,
    "recall": 0.25,
    "f1": 0.1764705882352941,
    "tp": 3,
    "tn": 41,
    "fp": 19,
    "fn": 9,
    "predicted_positive": 22
  }
}